task,rmse,relative,runs
mAdd,36.46488929742882,0.20806993000678436,5
