task,rmse,relative,runs
mAdd,155.10584131554705,4.715178343018235,5
