task,rmse,relative,runs
mAdd,217.1721820390386,1.69218467640484,1
