task,rmse,relative,runs
namd2,80.99119476744283,486.7036237104065,5
namd3,68.83947308963555,Infinity,5
sassena5,156.8323052795851,Infinity,5
sassena6,44.4616854944818,Infinity,5
